{
  "H_base_cam": [
    [
      -0.020905011184593647,
      -0.73201133028755,
      0.6809716534761363,
      0.09663201052676967
    ],
    [
      -0.9997814647874074,
      0.015267662825057982,
      -0.014280095917264646,
      -0.007826481251093396
    ],
    [
      5.6346410334751074e-05,
      -0.6811213627559418,
      -0.7321705306979861,
      1.4366534984751134
    ],
    [
      0.0,
      0.0,
      0.0,
      1.0
    ]
  ],
  "H_cam_base": [
    [
      -0.020905011184593647,
      -0.9997814647874074,
      5.6346410334751074e-05,
      -0.0058856278960313785
    ],
    [
      -0.73201133028755,
      0.015267662825057982,
      -0.6811213627559418,
      1.04939060734037
    ],
    [
      0.6809716534761363,
      -0.014280095917264646,
      -0.7321705306979861,
      0.985959931517544
    ],
    [
      0.0,
      0.0,
      0.0,
      1.0
    ]
  ],
  "H_grip_board": [
    [
      -0.7181533138658452,
      -0.6952055462997376,
      -0.03074192865758443,
      0.16178627280527388
    ],
    [
      -0.695573324458162,
      0.7184528118517806,
      0.0018186380865880154,
      -0.07221394352632952
    ],
    [
      0.020822297801280445,
      0.022689326485217466,
      -0.9995257007090523,
      0.04340873430339053
    ],
    [
      0.0,
      0.0,
      0.0,
      1.0
    ]
  ],
  "stats": {
    "rmse_m": 0.0021270821363500625,
    "median_m": 0.0018970040249086909,
    "max_m": 0.004249111445337227,
    "n_samples": 21,
    "n_total": 25,
    "opt_cost": 0.0009501404671037046,
    "opt_nfev": 119
  },
  "pattern": {
    "type": "asymmetric",
    "cols": 4,
    "rows": 5,
    "spacing": 0.02
  },
  "notes": "Nonlinear least squares over board 3D points. Use H_base_cam: p_base = H_base_cam @ p_cam_h | Added H_link_torso5_cam at current torso pose.",
  "H_link_torso5_cam": [
    [
      -0.0208798803198673,
      -0.6956197564229951,
      0.7181066669178338,
      0.05478013096306976
    ],
    [
      -0.999781464566254,
      0.015265076619292767,
      -0.014282875955596222,
      -0.007822091356842663
    ],
    [
      -0.0010265025980740758,
      -0.7182479599064795,
      -0.6957864718306878,
      0.2577645415876961
    ],
    [
      0.0,
      0.0,
      0.0,
      1.0
    ]
  ]
}