ts,tries,bbox,cx,cy,z_m,cam_x,cam_y,cam_z,base_x,base_y,base_z,img
1758264840564,1,"[713, 21, 823, 208]",768,114,0.6490000308258459,0.12782672789501323,-0.2564707413366257,0.6490000308258459,0.7236499039936317,-0.14880876599867213,1.1361697049058352,cup_eval_out/cup_overlay_1758264840535.png
1758264952018,1,"[617, 25, 720, 217]",668,121,0.6620000314433128,0.02524653199434704,-0.2539012785727533,0.6620000314433128,0.7327661001960135,-0.046397399047546466,1.1248955915495804,cup_eval_out/cup_overlay_1758264951988.png
1758264987864,1,"[611, 0, 704, 169]",658,84,0.723500034364406,0.0161130286576857,-0.3205516587019383,0.723500034364406,0.8236256282859207,-0.03916171317457812,1.1252635848745811,cup_eval_out/cup_overlay_1758264987835.png
